{"cameraMode":{"drawMode":0,"name":"Shaded","section":"Shading Mode"},"sceneLighting":true,"audioPlay":false,"sceneViewState":{"showFog":true,"showMaterialUpdate":false,"showSkybox":true,"showFlares":true,"showImageEffects":true,"showParticleSystems":true},"in2DMode":false,"pivot":{"x":-2.1537373065948488,"y":0.0004901544307358563,"z":0.6759143471717835},"rotation":{"x":0.6982041597366333,"y":0.0903157889842987,"z":-0.08950658142566681,"w":0.7045164108276367},"size":12.310677528381348,"orthographic":false}